id,name
12,PROJECT 12
29,PROJECT 27
26,PROJECT 24
19,PROJECT 17
38,PROJECT 36
35,PROJECT 33
7,PROJECT 7
28,PROJECT 26
21,PROJECT 19
3,PROJECT 3
37,PROJECT 35
31,PROJECT 29
23,PROJECT 21
10,PROJECT 10
5,PROJECT 5
2,PROJECT 2
16,PROJECT 14
30,PROJECT 28
32,PROJECT 30
22,PROJECT 20
39,PROJECT 37
9,PROJECT 9
4,PROJECT 4
33,PROJECT 31
25,PROJECT 23
18,PROJECT 16
40,PROJECT 38
34,PROJECT 32
11,PROJECT 11
8,PROJECT 8
6,PROJECT 6
20,PROJECT 18
24,PROJECT 22
17,PROJECT 15
36,PROJECT 34
13,PROJECT 13
27,PROJECT 25
1,PROJECT 1
